reference_contexts,synthesizer_name,user_input,reference
['미국 바이든 대통령이 2023년 10월 30일 연방정부 차원에서 안전하고 신뢰할 수 있는 AI 개발과 사용을 보장하기 위한 행정명령을 발표'],simple,미국 바이든 대통령은 안전하고 신뢰할 수 있는 AI 개발과 사용에 관한 행정명령을 2023년 10월 21일에 발표했습니다.,2023년 10월 30일
"['△1026 플롭스(FLOPS, Floating Point Operation Per Second)를 초과하는 컴퓨팅 성능 또는 생물학적 서열 데이터를 주로 사용하고 1023플롭스를 초과하는 컴퓨팅 성능을 사용하는 모델 △단일 데이터센터에서 1,000Gbit/s 이상의 네트워킹으로 연결되며 AI 훈련에서 이론상 최대 1020 플롭스를 처리할 수 있는 컴퓨팅 용량을 갖춘 컴퓨팅 클러스터가 정보공유 요구대상']",reasoning,"AI의 안전과 보안 기준 마련과 관련하여, 미국 정부에 정보 공유를 요구받는 컴퓨팅 클러스터의 기준은 무엇인가요?","단일 데이터센터에서 1,000Gbit/s 이상의 네트워킹으로 연결되며 AI 훈련에서 이론상 최대 1020 플롭스를 처리할 수 있는 컴퓨팅 용량을 갖춘 컴퓨팅 클러스터는 정보공유의 요구대상입니다."
"['행정명령은 △AI의 안전과 보안 기준 마련 △개인정보보호 △형평성과 시민권 향상 △소비자 보호 △노동자 지원 △혁신과 경쟁 촉진 △국제협력을 골자로 함', '법률, 주택, 보건 분야에서 AI의 무책임한 사용으로 인한 차별과 편견 및 기타 문제를 방지하는 조치를 확대', '형사사법 시스템에서 AI 사용 모범사례를 개발하고, 주택 임대 시 AI 알고리즘 차별을 막기 위한 명확한 지침을 제공하며, 보건복지 부문에서 책임 있는 AI 배포와 사용을 위한 전략을 마련']",multi_context,미국 행정명령은 AI가 사회 전반에 미치는 영향을 고려하여 어떤 분야에서 형평성과 시민권 향상을 도모하고 있나요?,"법률, 주택, 보건 분야에서 AI의 무책임한 사용으로 인한 차별과 편견 및 기타 문제를 방지하는 조치를 확대하고, 형사사법 시스템에서의 AI 사용 모범사례 개발, 주택 임대 시 AI 알고리즘 차별 방지를 위한 명확한 지침 제공, 보건복지 부문에서의 책임 있는 AI 배포 및 사용 전략 마련 등을 통해 형평성과 시민권 향상을 도모하고 있습니다."
"['G7이 첨단 AI 시스템을 개발하는 기업을 대상으로 AI 위험 식별과 완화를 위해 자발적인 채택을 권고하는 AI 국제 행동강령을 마련', '주요 7개국(G7)*은 2023년 10월 30일 ‘히로시마 AI 프로세스’를 통해 AI 기업 대상의 AI 국제 행동강령(International Code of Conduct for Advanced AI Systems)에 합의']",simple,G7이 AI 기업을 대상으로 마련한 국제 행동강령의 명칭은 'AI 비즈니스 코드'입니다.,고급 인공지능 시스템에 대한 국제 행동강령입니다.
"['행동강령은 AI 수명주기 전반에 걸친 위험 평가와 완화, 투명성과 책임성의 보장, 정보공유와 이해관계자 간 협력, 보안 통제, 콘텐츠 인증과 출처 확인 등의 조치를 요구', '첨단 AI 시스템의 개발 과정에서 AI 수명주기 전반에 걸쳐 위험을 평가 및 완화하는 조치를 채택하고, 첨단 AI 시스템의 출시와 배포 이후 취약점과 오용 사고, 오용 유형을 파악해 완화']",reasoning,"AI 국제 행동강령에서 AI 수명주기 전반에 걸쳐 요구하는 주요 조치들은 AI 개발, 배포, 운영, 유지보수, 폐기 등 모든 단계에서 AI의 안전성, 투명성, 책임성, 법적 준수 등에 대한 고려를 포함합니다.","AI 수명주기 전반에 걸쳐 위험을 평가 및 완화하고, 출시 및 배포 이후 취약점, 오용 사고, 오용 유형을 파악해 완화하는 조치를 취해야 합니다."
"['G7이 첨단 AI 시스템을 개발하는 기업을 대상으로 AI 위험 식별과 완화를 위해 자발적인 채택을 권고하는 AI 국제 행동강령을 마련', 'G7은 2023년 5월 일본 히로시마에서 개최된 정상회의에서 생성 AI에 관한 국제규범 마련과 정보공유를 위해 ‘히로시마 AI 프로세스’를 출범**', '기업의 자발적 채택을 위해 마련된 이번 행동강령은 기반모델과 생성 AI를 포함한 첨단 AI 시스템의 위험 식별과 완화에 필요한 조치를 포함']",multi_context,"G7의 히로시마 AI 프로세스가 출범하게 된 배경과 이 프로세스를 통해 궁극적으로 달성하고자 하는 목표는 무엇이며, 이를 위해 기업들에게 어떤 방식으로 행동을 촉구하고 있나요?","G7은 2023년 5월 일본 히로시마에서 개최된 정상회의에서 생성 AI에 관한 국제규범 마련과 정보공유를 위해 '히로시마 AI 프로세스'를 출범했습니다. 이 프로세스를 통해 첨단 AI 시스템의 위험 식별과 완화를 목표로 하며, 기업의 자발적 채택을 위해 AI 국제 행동강령을 마련하여 관련 조치를 권고하고 있습니다."
"['1. 정책/법제', '2. 기업/산업', '3. 기술/연구', '4. 인력/교육']",simple,영국 AI 안전성 정상회의에서 발표된 '블레츨리 선언'은 인공지능의 안전성과 책임성을 강조하고 있습니다.,"블레츨리 선언은 AI 안전 보장을 위해 국가, 국제기구, 기업, 시민사회, 학계를 포함한 모든 이해관계자의 협력이 중요하다고 강조했습니다."
"['1. 정책/법제', '2. 기업/산업', '3. 기술/연구', '4. 인력/교육']",reasoning,영국 AI 안전 연구소는 첨단 AI 모델의 안전 테스트에서 어떤 역할을 수행할 예정인가요? - 영국 AI 안전 연구소는 첨단 AI 모델의 안전 테스트에서 중요한 역할을 수행할 예정입니다.,"영국 AI 안전 연구소는 전 세계 국가와 협력하여 첨단 AI 모델에 대한 안전 테스트 계획을 수립하고 테스트를 수행할 예정입니다. 이 테스트는 국가 안보, 안전, 사회적 피해를 포함한 여러 잠재적 유해 기능에 대한 시험을 포함합니다."
"['1. 정책/법제', '2. 기업/산업', '3. 기술/연구', '4. 인력/교육']",multi_context,"AI 안전성 정상회의에서 발표된 '블레츨리 선언'과 영국 정부의 AI 안전 테스트 계획 발표는 AI 안전 보장이라는 목표를 달성하기 위해 어떤 협력 방안을 제시하고 있으며, 이는 향후 AI 연구 및 개발에 어떤 영향을 미칠 것으로 예상되나요?","블레츨리 선언은 AI 안전 보장을 위해 국가, 국제기구, 기업, 시민사회, 학계 등 모든 이해관계자의 협력을 강조하며, 특히 최첨단 AI 시스템 개발 기업의 안전 평가 책임과 투명성 향상, 적절한 평가지표 및 안전 테스트 도구 개발, 공공부문 역량 구축, 과학 연구개발 분야에서의 협력을 합의했습니다. 영국 정부는 영국 AI 안전 연구소를 통해 첨단 AI 모델에 대한 국가 주도의 외부 안전 테스트를 수행하고, 테스트 결과 공유 및 공동 표준 개발을 위해 노력하기로 했습니다. 또한, 튜링상을 수상한 AI 학자가 주도하는 '과학의 현황' 보고서를 통해 기존 연구를 평가하고 향후 AI 안전 연구의 우선순위를 제시할 계획입니다. 이러한 협력 방안은 AI 기술 발전과 함께 발생할 수 있는 잠재적 위험을 체계적으로 관리하고, 안전하고 책임감 있는 AI 생태계를 구축하는 데 기여할 것으로 예상됩니다."
