question,contexts,ground_truth,evolution_type,metadata,episode_done
"Here is a question that can be fully answered from the given context:

""What is Artificial General Intelligence (AGI) and how does it differ from other types of artificial intelligence?""

This question is formed using the keyphrase ""Artificial General Intelligence"" which appears throughout the provided text.","['구글 딥마인드, 범용 AI 모델의 기능과 동작에 대한 분류 체계 발표\nKEY Contents\nn 구글 딥마인드 연구진이 성능과 범용성, 자율성을 기준으로 범용 AI(AGI)의 수준을\n0~5단계까지 총 6단계로 구분한 프레임워크를 공개\nn 현재 AGI는 단백질 구조를 예측하는 알파폴드와 같은 특정 용도에서는 5단계 수준을 달성했지만\n광범위하게 활용될 수 있는 범용에서는 1단계 수준에 머물러 있음\n£챗GPT와 구글 바드와 같은 AI 챗봇은 범용 AI 1단계 수준\nn 구글 딥마인드 연구진은 2023년 11월 4일 범용 AI(Artificial General Intelligence, AGI) 모델을 용도와\n성능에 따라 분류하는 프레임워크를 제시한 논문을 발표\n∙ 프레임워크의 목적은 AGI의 성능, 범용성, 자율성 수준을 정의하여 모델 간 비교와 위험 평가, AGI\n달성까지의 진행 상황을 측정할 수 있는 공통 기준을 제공하기 위함\nn 연구진은 AGI 개념 정의에 필요한 기준을 수립하기 위한 6가지 원칙을 아래와 같이 도출\n∙ (프로세스가 아닌 기능에 중점) AI가 어떻게 작동하는지보다 무엇을 할 수 있는지가 더 중요', '∙ (범용성과 성능을 모두 평가) 진정한 AGI는 인간을 능가하는 폭넓은 범용성과 기술의 깊이를 모두 요구\n∙ (인지와 메타인지 작업에 중점) 물리적 작업의 수행 능력은 AGI의 필수 전제조건이 아니며, 인지 작업과\n메타인지 작업(예; 새로운 작업의 학습 능력, 인간에게 도움을 요청할 시점을 아는 능력)이 핵심\n∙ (실제 구현보다 잠재력에 집중) 통제된 상황에서 발휘되는 성능에 따라 AGI를 규정하고 테스트를 진행\n∙ (생태학적 타당도를 갖춘 벤치마크 사용) AGI에 대한 벤치마크는 사람들이 경제적· 사회적 또는 예술적으로\n가치 있게 여기는 실질적인 작업을 대상으로 성능 평가 필요\n∙ (종점이 아닌 AGI를 향한 경로에 중점) 단계별 접근방식을 통해 AGI의 발전 상태를 점진적으로 측정\nn 연구진은 상기 원칙에 따라 AI를 성능에 따라 0~5단계와 광범위한 목적에 활용될 수 있는 범용 AI 및 특정\n과업에 활용되는 특수 AI로 분류했으며, 특수 AI에서는 5단계까지 달성되었으나, 범용 AI는 현재 1단계 수준\n<구글 딥마인드의 범용 AI 분류 프레임워크>\n성능 특수 AI 예시 범용 AI 예시']","Artificial General Intelligence (AGI) refers to a type of AI that possesses human-like intelligence across a wide range of tasks. It differs from other types of AI in its ability to generalize knowledge and learn from experience, making it a crucial advancement in the field. AGI is designed to mimic human cognitive functions, with applications in various fields such as healthcare and autonomous vehicles.",simple,"[{'source': 'data/SPRI_AI_Brief_2023년12월호_F.pdf', 'file_path': 'data/SPRI_AI_Brief_2023년12월호_F.pdf', 'page': 18, 'total_pages': 23, 'Author': 'dj', 'Creator': 'Hwp 2018 10.0.0.13462', 'Producer': 'Hancom PDF 1.3.0.542', 'CreationDate': ""D:20231208132838+09'00'"", 'ModDate': ""D:20231208132838+09'00'"", 'PDFVersion': '1.4', 'filename': 'data/SPRI_AI_Brief_2023년12월호_F.pdf'}, {'source': 'data/SPRI_AI_Brief_2023년12월호_F.pdf', 'file_path': 'data/SPRI_AI_Brief_2023년12월호_F.pdf', 'page': 18, 'total_pages': 23, 'Author': 'dj', 'Creator': 'Hwp 2018 10.0.0.13462', 'Producer': 'Hancom PDF 1.3.0.542', 'CreationDate': ""D:20231208132838+09'00'"", 'ModDate': ""D:20231208132838+09'00'"", 'PDFVersion': '1.4', 'filename': 'data/SPRI_AI_Brief_2023년12월호_F.pdf'}]",True
"Here's a question that can be fully answered from the given context:

""Who is the founder of AI?""

answer: The context does not mention the founder of AI, but it talks about AI in the context of G7 and its applications. However, based on general knowledge, the answer would be ""Many individuals have contributed to the development of AI, but some notable founders include Andrew Ng, Yann LeCun, Geoffrey Hinton, Yoshua Bengio, and others.""

Note: The provided text does not contain information about the founder(s) of AI.","['위험 식별과 완화에 필요한 조치를 포함\n* 주요 7개국(G7)은 미국, 일본, 독일, 영국, 프랑스, 이탈리아, 캐나다를 의미\n** 5월 정상회의에는 한국, 호주, 베트남 등을 포함한 8개국이 초청을 받았으나, AI 국제 행동강령에는 우선 G7 국가만 포함하여 채택\nn G7은 행동강령을 통해 아래의 조치를 제시했으며, 빠르게 발전하는 기술에 대응할 수 있도록\n이해관계자 협의를 통해 필요에 따라 개정할 예정\n∙ 첨단 AI 시스템의 개발 과정에서 AI 수명주기 전반에 걸쳐 위험을 평가 및 완화하는 조치를 채택하고,\n첨단 AI 시스템의 출시와 배포 이후 취약점과 오용 사고, 오용 유형을 파악해 완화\n∙ 첨단 AI 시스템의 성능과 한계를 공개하고 적절하거나 부적절한 사용영역을 알리는 방법으로 투명성을\n보장하고 책임성을 강화\n∙ 산업계, 정부, 시민사회, 학계를 포함해 첨단 AI 시스템을 개발하는 조직 간 정보공유와 사고 발생 시\n신고를 위해 협력하고, 위험 기반 접근방식을 토대로 개인정보보호 정책과 위험 완화 조치를 포함하는\nAI 거버넌스와 위험 관리 정책을 마련']",The answer to given question is not present in context,simple,"[{'source': 'data/SPRI_AI_Brief_2023년12월호_F.pdf', 'file_path': 'data/SPRI_AI_Brief_2023년12월호_F.pdf', 'page': 4, 'total_pages': 23, 'Author': 'dj', 'Creator': 'Hwp 2018 10.0.0.13462', 'Producer': 'Hancom PDF 1.3.0.542', 'CreationDate': ""D:20231208132838+09'00'"", 'ModDate': ""D:20231208132838+09'00'"", 'PDFVersion': '1.4', 'filename': 'data/SPRI_AI_Brief_2023년12월호_F.pdf'}]",True
"Here is a rewritten question that conveys the same meaning but in a less direct manner, using abbreviation and being shorter:

""What's the term for AGI?""

This rewritten question still asks about the concept of Artificial General Intelligence (AGI), but does so in a more concise and indirect way.","['구글 딥마인드, 범용 AI 모델의 기능과 동작에 대한 분류 체계 발표\nKEY Contents\nn 구글 딥마인드 연구진이 성능과 범용성, 자율성을 기준으로 범용 AI(AGI)의 수준을\n0~5단계까지 총 6단계로 구분한 프레임워크를 공개\nn 현재 AGI는 단백질 구조를 예측하는 알파폴드와 같은 특정 용도에서는 5단계 수준을 달성했지만\n광범위하게 활용될 수 있는 범용에서는 1단계 수준에 머물러 있음\n£챗GPT와 구글 바드와 같은 AI 챗봇은 범용 AI 1단계 수준\nn 구글 딥마인드 연구진은 2023년 11월 4일 범용 AI(Artificial General Intelligence, AGI) 모델을 용도와\n성능에 따라 분류하는 프레임워크를 제시한 논문을 발표\n∙ 프레임워크의 목적은 AGI의 성능, 범용성, 자율성 수준을 정의하여 모델 간 비교와 위험 평가, AGI\n달성까지의 진행 상황을 측정할 수 있는 공통 기준을 제공하기 위함\nn 연구진은 AGI 개념 정의에 필요한 기준을 수립하기 위한 6가지 원칙을 아래와 같이 도출\n∙ (프로세스가 아닌 기능에 중점) AI가 어떻게 작동하는지보다 무엇을 할 수 있는지가 더 중요', '∙ (범용성과 성능을 모두 평가) 진정한 AGI는 인간을 능가하는 폭넓은 범용성과 기술의 깊이를 모두 요구\n∙ (인지와 메타인지 작업에 중점) 물리적 작업의 수행 능력은 AGI의 필수 전제조건이 아니며, 인지 작업과\n메타인지 작업(예; 새로운 작업의 학습 능력, 인간에게 도움을 요청할 시점을 아는 능력)이 핵심\n∙ (실제 구현보다 잠재력에 집중) 통제된 상황에서 발휘되는 성능에 따라 AGI를 규정하고 테스트를 진행\n∙ (생태학적 타당도를 갖춘 벤치마크 사용) AGI에 대한 벤치마크는 사람들이 경제적· 사회적 또는 예술적으로\n가치 있게 여기는 실질적인 작업을 대상으로 성능 평가 필요\n∙ (종점이 아닌 AGI를 향한 경로에 중점) 단계별 접근방식을 통해 AGI의 발전 상태를 점진적으로 측정\nn 연구진은 상기 원칙에 따라 AI를 성능에 따라 0~5단계와 광범위한 목적에 활용될 수 있는 범용 AI 및 특정\n과업에 활용되는 특수 AI로 분류했으며, 특수 AI에서는 5단계까지 달성되었으나, 범용 AI는 현재 1단계 수준\n<구글 딥마인드의 범용 AI 분류 프레임워크>\n성능 특수 AI 예시 범용 AI 예시']",nan,reasoning,"[{'source': 'data/SPRI_AI_Brief_2023년12월호_F.pdf', 'file_path': 'data/SPRI_AI_Brief_2023년12월호_F.pdf', 'page': 18, 'total_pages': 23, 'Author': 'dj', 'Creator': 'Hwp 2018 10.0.0.13462', 'Producer': 'Hancom PDF 1.3.0.542', 'CreationDate': ""D:20231208132838+09'00'"", 'ModDate': ""D:20231208132838+09'00'"", 'PDFVersion': '1.4', 'filename': 'data/SPRI_AI_Brief_2023년12월호_F.pdf'}, {'source': 'data/SPRI_AI_Brief_2023년12월호_F.pdf', 'file_path': 'data/SPRI_AI_Brief_2023년12월호_F.pdf', 'page': 18, 'total_pages': 23, 'Author': 'dj', 'Creator': 'Hwp 2018 10.0.0.13462', 'Producer': 'Hancom PDF 1.3.0.542', 'CreationDate': ""D:20231208132838+09'00'"", 'ModDate': ""D:20231208132838+09'00'"", 'PDFVersion': '1.4', 'filename': 'data/SPRI_AI_Brief_2023년12월호_F.pdf'}]",True
"Here is a rewritten version of the question that conveys the same meaning but in a less direct and shorter manner:

""What config. details in OpenMoE define AGI's UL2 objective?""

Alternatively, you could also use:

""How do OpenMoE settings impact AGI's UL2 training?""

Or even more concise:

""Which OpenMoE settings affect AGI's UL2 objective?","['구글 딥마인드, 범용 AI 모델의 기능과 동작에 대한 분류 체계 발표\nKEY Contents\nn 구글 딥마인드 연구진이 성능과 범용성, 자율성을 기준으로 범용 AI(AGI)의 수준을\n0~5단계까지 총 6단계로 구분한 프레임워크를 공개\nn 현재 AGI는 단백질 구조를 예측하는 알파폴드와 같은 특정 용도에서는 5단계 수준을 달성했지만\n광범위하게 활용될 수 있는 범용에서는 1단계 수준에 머물러 있음\n£챗GPT와 구글 바드와 같은 AI 챗봇은 범용 AI 1단계 수준\nn 구글 딥마인드 연구진은 2023년 11월 4일 범용 AI(Artificial General Intelligence, AGI) 모델을 용도와\n성능에 따라 분류하는 프레임워크를 제시한 논문을 발표\n∙ 프레임워크의 목적은 AGI의 성능, 범용성, 자율성 수준을 정의하여 모델 간 비교와 위험 평가, AGI\n달성까지의 진행 상황을 측정할 수 있는 공통 기준을 제공하기 위함\nn 연구진은 AGI 개념 정의에 필요한 기준을 수립하기 위한 6가지 원칙을 아래와 같이 도출\n∙ (프로세스가 아닌 기능에 중점) AI가 어떻게 작동하는지보다 무엇을 할 수 있는지가 더 중요', '∙ (범용성과 성능을 모두 평가) 진정한 AGI는 인간을 능가하는 폭넓은 범용성과 기술의 깊이를 모두 요구\n∙ (인지와 메타인지 작업에 중점) 물리적 작업의 수행 능력은 AGI의 필수 전제조건이 아니며, 인지 작업과\n메타인지 작업(예; 새로운 작업의 학습 능력, 인간에게 도움을 요청할 시점을 아는 능력)이 핵심\n∙ (실제 구현보다 잠재력에 집중) 통제된 상황에서 발휘되는 성능에 따라 AGI를 규정하고 테스트를 진행\n∙ (생태학적 타당도를 갖춘 벤치마크 사용) AGI에 대한 벤치마크는 사람들이 경제적· 사회적 또는 예술적으로\n가치 있게 여기는 실질적인 작업을 대상으로 성능 평가 필요\n∙ (종점이 아닌 AGI를 향한 경로에 중점) 단계별 접근방식을 통해 AGI의 발전 상태를 점진적으로 측정\nn 연구진은 상기 원칙에 따라 AI를 성능에 따라 0~5단계와 광범위한 목적에 활용될 수 있는 범용 AI 및 특정\n과업에 활용되는 특수 AI로 분류했으며, 특수 AI에서는 5단계까지 달성되었으나, 범용 AI는 현재 1단계 수준\n<구글 딥마인드의 범용 AI 분류 프레임워크>\n성능 특수 AI 예시 범용 AI 예시']",nan,conditional,"[{'source': 'data/SPRI_AI_Brief_2023년12월호_F.pdf', 'file_path': 'data/SPRI_AI_Brief_2023년12월호_F.pdf', 'page': 18, 'total_pages': 23, 'Author': 'dj', 'Creator': 'Hwp 2018 10.0.0.13462', 'Producer': 'Hancom PDF 1.3.0.542', 'CreationDate': ""D:20231208132838+09'00'"", 'ModDate': ""D:20231208132838+09'00'"", 'PDFVersion': '1.4', 'filename': 'data/SPRI_AI_Brief_2023년12월호_F.pdf'}, {'source': 'data/SPRI_AI_Brief_2023년12월호_F.pdf', 'file_path': 'data/SPRI_AI_Brief_2023년12월호_F.pdf', 'page': 18, 'total_pages': 23, 'Author': 'dj', 'Creator': 'Hwp 2018 10.0.0.13462', 'Producer': 'Hancom PDF 1.3.0.542', 'CreationDate': ""D:20231208132838+09'00'"", 'ModDate': ""D:20231208132838+09'00'"", 'PDFVersion': '1.4', 'filename': 'data/SPRI_AI_Brief_2023년12월호_F.pdf'}]",True
